group_name,date
/川崎30hステイ,2024-02-28
/川崎30hステイ,2024-02-29
# 2night3days忘年会: Water~南町田グランベリーパーク~Reve,2024-12-28
# 2night3days忘年会: Water~南町田グランベリーパーク~Reve,2024-12-29
# 2night3days忘年会: Water~南町田グランベリーパーク~Reve,2024-12-30
HISバスツアー：国営ひたち海浜公園(ネモフィラ)，あしかがフラワーパーク(藤),2025-04-22
TEAM高川山によるシャトレーゼスキーバレー遠征,2025-02-09
TEAM高川山によるシャトレーゼスキーバレー遠征,2025-02-10
USJ&海遊館(夜行バス旅),2024-02-13
USJ&海遊館(夜行バス旅),2024-02-14
USJ&海遊館(夜行バス旅),2024-02-15
USJ&海遊館(夜行バス旅),2024-02-16
USJ&海遊館(夜行バス旅),2024-02-17
きゅんパス旅（東北編）,2024-03-04
きゅんパス旅（東北編）,2024-03-05
きゅんパス旅（東北編）,2024-03-06
たにっち&テラの引っ越し,2024-03-12
まふ&レンタルルーム利用,2024-01-25
まふ&レンタルルーム利用,2024-01-26
まふ&レンタルルーム利用,2024-01-27
ゆるキャン△聖地巡礼.浜松ドライブ観光天竜浜名湖乗車京王高速バス旅,2024-09-29
ゆるキャン△聖地巡礼.浜松ドライブ観光天竜浜名湖乗車京王高速バス旅,2024-09-30
ディズニーアンバサダーホテル~TDS~グランドニッコー,2024-09-02
ディズニーアンバサダーホテル~TDS~グランドニッコー,2024-09-03
ディズニーアンバサダーホテル~TDS~グランドニッコー,2024-09-04
ナイトクルーズ 「２大タワー周遊便」,2024-06-29
ハロパ: レステイグループ.北府中,2024-10-31
ヤマノススメ聖地巡礼.飯能エリア名栗湖編,2024-11-24
ロマンスカー&箱根登山電車の旅,2024-11-04
ワイン試飲&ぶどう狩り&牛すき焼き御膳&ジュエリー見学を含むドンキ懸賞ツアー(有料),2024-10-05
京急きっぷ.八景島あじさい祭り・海マジ.東京湾クルーズ・東京タワー(初)旅,2025-06-28
初H-Hotel: フェリエ,2024-04-30
初H-Hotel: フェリエ,2024-05-01
初狩~高川山~大月(電車登山),2024-04-28
名古屋~スカイライン~志摩スペイン村~伊勢神宮.ぷらっとこだま活用旅,2024-09-16
名古屋~スカイライン~志摩スペイン村~伊勢神宮.ぷらっとこだま活用旅,2024-09-17
名古屋~スカイライン~志摩スペイン村~伊勢神宮.ぷらっとこだま活用旅,2024-09-18
名古屋~スカイライン~志摩スペイン村~伊勢神宮.ぷらっとこだま活用旅,2024-09-19
名古屋~スカイライン~志摩スペイン村~伊勢神宮.ぷらっとこだま活用旅,2024-09-20
学割ディズニー2025.舞浜ホテルリゾート泊&初DPA活用,2025-02-16
学割ディズニー2025.舞浜ホテルリゾート泊&初DPA活用,2025-02-17
学割ディズニー2025.舞浜ホテルリゾート泊&初DPA活用,2025-02-18
学割ハワイアンズ：モノリスタワー.スパリゾート,2025-03-11
学割ハワイアンズ：モノリスタワー.スパリゾート,2025-03-12
富士急行線で向かう本栖湖聖地巡礼&富士芝桜まつり旅,2025-04-27
府中市民限定プランホテルけやきゲート,2024-02-08
木星家訪問滞在,2024-09-08
木星家訪問滞在,2024-09-10
木星家訪問滞在,2024-09-11
木星生誕旅：焼肉~チーズケーキ~ドンキ(プレゼント),2024-12-19
東京スカイツリー 原神コラボ,2024-02-07
東北新幹線トクだ値60%割引.秋田旅 ～男鹿半島・ドラゴンアイ・田沢湖・角館武家屋敷～,2025-06-15
東北新幹線トクだ値60%割引.秋田旅 ～男鹿半島・ドラゴンアイ・田沢湖・角館武家屋敷～,2025-06-16
東北新幹線トクだ値60%割引.秋田旅 ～男鹿半島・ドラゴンアイ・田沢湖・角館武家屋敷～,2025-06-17
沼津三島熱海観光青春18きっぷ,2024-08-26
美楽温泉 SPA-HERBS&丸亀の日,2024-04-01
茨城行き青春18きっぷ電車旅,2024-08-18
運転練習助手席鳩ノ巣奥多摩払沢の滝神戸岩車旅,2025-02-21
長瀞舟下り&飯能寄り道,2024-04-02
青春18きっぷ~銚子電鉄１日乗車券,2024-08-23
首都高アクアライン初挑戦：秋葉原(私用)→海ほたるPAへの寄り道ドライブ旅,2025-01-27
魁力屋~高尾山策~鳳凰~トリックアート~百草園,2025-02-14
魁力屋~高尾山策~鳳凰~トリックアート~百草園,2025-02-15
鹿児島経由与論島上陸沖ツラ聖地巡礼飛行機&フェリー旅,2025-02-27
鹿児島経由与論島上陸沖ツラ聖地巡礼飛行機&フェリー旅,2025-02-28
鹿児島経由与論島上陸沖ツラ聖地巡礼飛行機&フェリー旅,2025-03-01
鹿児島経由与論島上陸沖ツラ聖地巡礼飛行機&フェリー旅,2025-03-02
鹿児島経由与論島上陸沖ツラ聖地巡礼飛行機&フェリー旅,2025-03-03
鹿児島経由与論島上陸沖ツラ聖地巡礼飛行機&フェリー旅,2025-03-04
鹿児島経由与論島上陸沖ツラ聖地巡礼飛行機&フェリー旅,2025-03-05
鹿児島経由与論島上陸沖ツラ聖地巡礼飛行機&フェリー旅,2025-03-06
３度目の横須賀・２度目の猿島散策＆初の軍港めぐり体験旅,2025-03-28
